{
  "timestamp": "2025-11-17T19:34:28.239267",
  "config_name": "strong_Z_ground_gamma_sweep",
  "gamma_results": {
    "0.0": {
      "final_fidelity": 1.0002218348061442,
      "improvement": 1.0002218348061442,
      "best_params": {
        "passivity_tolerance": 0.1,
        "covariance_tolerance": 0.0001
      }
    },
    "0.01": {
      "final_fidelity": 1.0001986547386892,
      "improvement": 1.0001986547386892,
      "best_params": {
        "passivity_tolerance": 0.1,
        "covariance_tolerance": 0.0001
      }
    },
    "0.1": {
      "final_fidelity": 1.0000129342879729,
      "improvement": 1.0000129342879729,
      "best_params": {
        "passivity_tolerance": 0.1,
        "covariance_tolerance": 0.00039810717055349735
      }
    },
    "0.5": {
      "final_fidelity": 1.0000174087418474,
      "improvement": 1.0000174087418474,
      "best_params": {
        "passivity_tolerance": 0.1,
        "covariance_tolerance": 0.001584893192461114
      }
    },
    "1.0": {
      "final_fidelity": 1.0000253792309854,
      "improvement": 1.0000253792309854,
      "best_params": {
        "passivity_tolerance": 0.1,
        "covariance_tolerance": 0.0001
      }
    },
    "5.0": {
      "final_fidelity": 1.0000002838206719,
      "improvement": 1.0000002838206719,
      "best_params": {
        "passivity_tolerance": 0.1,
        "covariance_tolerance": 0.0001
      }
    }
  }
}