{
  "timestamp": "2025-11-17T20:30:03.232747",
  "config_name": "fine_gamma_sweep_ground",
  "gamma_results": {
    "0.0": {
      "final_fidelity": 1.0000001681216644,
      "improvement": 1.0000001681216644,
      "best_params": {
        "passivity_tolerance": 0.1,
        "covariance_tolerance": 0.0001
      }
    },
    "0.001": {
      "final_fidelity": 1.0000001679143617,
      "improvement": 1.0000001679143617,
      "best_params": {
        "passivity_tolerance": 0.1,
        "covariance_tolerance": 0.0001
      }
    },
    "0.005": {
      "final_fidelity": 1.0000001669129956,
      "improvement": 1.0000001669129956,
      "best_params": {
        "passivity_tolerance": 0.1,
        "covariance_tolerance": 0.00026826957952797245
      }
    },
    "0.01": {
      "final_fidelity": 1.0000001652194825,
      "improvement": 1.0000001652194825,
      "best_params": {
        "passivity_tolerance": 0.1,
        "covariance_tolerance": 0.0001
      }
    },
    "0.05": {
      "final_fidelity": 1.0000001561233236,
      "improvement": 1.0000001561233236,
      "best_params": {
        "passivity_tolerance": 0.1,
        "covariance_tolerance": 0.0001
      }
    },
    "0.1": {
      "final_fidelity": 1.0000001182048048,
      "improvement": 1.0000001182048048,
      "best_params": {
        "passivity_tolerance": 0.1,
        "covariance_tolerance": 0.0001
      }
    },
    "0.2": {
      "final_fidelity": 1.00000000707639,
      "improvement": 1.00000000707639,
      "best_params": {
        "passivity_tolerance": 0.1,
        "covariance_tolerance": 0.0001
      }
    },
    "0.5": {
      "final_fidelity": 0.9999998960287776,
      "improvement": 0.9999998960287776,
      "best_params": {
        "passivity_tolerance": 0.1,
        "covariance_tolerance": 0.0001
      }
    },
    "1.0": {
      "final_fidelity": 1.0000000531442799,
      "improvement": 1.0000000531442799,
      "best_params": {
        "passivity_tolerance": 0.1,
        "covariance_tolerance": 0.0001
      }
    },
    "2.0": {
      "final_fidelity": 1.0000001694043974,
      "improvement": 1.0000001694043974,
      "best_params": {
        "passivity_tolerance": 0.1,
        "covariance_tolerance": 0.0001
      }
    },
    "5.0": {
      "final_fidelity": 1.0000008317149365,
      "improvement": 1.0000008317149365,
      "best_params": {
        "passivity_tolerance": 0.1,
        "covariance_tolerance": 0.00026826957952797245
      }
    }
  }
}