{
  "timestamp": "2025-11-17T19:20:17.555639",
  "config_name": "superposition_state_gamma_sweep",
  "gamma_results": {
    "0.0": {
      "final_fidelity": 0.9999991192973211,
      "improvement": 0.29289233811077364,
      "best_params": {
        "passivity_tolerance": 0.1,
        "covariance_tolerance": 0.0001
      }
    },
    "0.01": {
      "final_fidelity": 1.0000002004587063,
      "improvement": 0.29289341927215884,
      "best_params": {
        "passivity_tolerance": 0.1,
        "covariance_tolerance": 0.0001
      }
    },
    "0.1": {
      "final_fidelity": 1.0000039399400655,
      "improvement": 0.29289715875351807,
      "best_params": {
        "passivity_tolerance": 0.1,
        "covariance_tolerance": 0.0001
      }
    },
    "0.5": {
      "final_fidelity": 1.0000007267795563,
      "improvement": 0.29289394559300885,
      "best_params": {
        "passivity_tolerance": 0.1,
        "covariance_tolerance": 0.0001
      }
    },
    "1.0": {
      "final_fidelity": 1.000000060705059,
      "improvement": 0.2928932795185115,
      "best_params": {
        "passivity_tolerance": 0.1,
        "covariance_tolerance": 0.0001
      }
    },
    "5.0": {
      "final_fidelity": 1.0000000020665634,
      "improvement": 0.2928932208800159,
      "best_params": {
        "passivity_tolerance": 0.1,
        "covariance_tolerance": 0.0001
      }
    }
  }
}