{
  "timestamp": "2025-11-17T17:20:06.780198",
  "config_name": "default_H_05sz_05sx",
  "gamma_results": {
    "0.0": {
      "final_fidelity": 0.99999999542641,
      "improvement": 0.99999999542641,
      "best_params": {
        "passivity_tolerance": 0.1,
        "covariance_tolerance": 0.001
      }
    },
    "0.01": {
      "final_fidelity": 1.0000000215669134,
      "improvement": 1.0000000215669134,
      "best_params": {
        "passivity_tolerance": 0.1,
        "covariance_tolerance": 0.001
      }
    },
    "0.05": {
      "final_fidelity": 1.0000000865661265,
      "improvement": 1.0000000865661265,
      "best_params": {
        "passivity_tolerance": 0.1,
        "covariance_tolerance": 0.001
      }
    },
    "0.1": {
      "final_fidelity": 1.0000001517672685,
      "improvement": 1.0000001517672685,
      "best_params": {
        "passivity_tolerance": 0.1,
        "covariance_tolerance": 0.001
      }
    },
    "0.2": {
      "final_fidelity": 1.000000156706576,
      "improvement": 1.000000156706576,
      "best_params": {
        "passivity_tolerance": 0.1,
        "covariance_tolerance": 0.001
      }
    },
    "0.5": {
      "final_fidelity": 0.9999998959143719,
      "improvement": 0.9999998959143719,
      "best_params": {
        "passivity_tolerance": 0.1,
        "covariance_tolerance": 0.001
      }
    },
    "1.0": {
      "final_fidelity": 1.000000040354126,
      "improvement": 1.000000040354126,
      "best_params": {
        "passivity_tolerance": 0.1,
        "covariance_tolerance": 0.001
      }
    }
  }
}