{
  "timestamp": "2025-11-21T15:50:17.062341",
  "config_name": "ground_state_gamma_sweep_no_constraints",
  "gamma_results": {
    "0.0": {
      "final_fidelity": 1.0000000089829242,
      "improvement": 1.0000000089829242,
      "best_params": {
        "passivity_tolerance": 0.001,
        "covariance_tolerance": 0.001
      }
    },
    "0.01": {
      "final_fidelity": 1.0000000119502934,
      "improvement": 1.0000000119502934,
      "best_params": {
        "passivity_tolerance": 0.001,
        "covariance_tolerance": 0.001
      }
    },
    "0.1": {
      "final_fidelity": 1.0000000265860627,
      "improvement": 1.0000000265860627,
      "best_params": {
        "passivity_tolerance": 0.001,
        "covariance_tolerance": 0.001
      }
    },
    "0.5": {
      "final_fidelity": 0.9999999831588765,
      "improvement": 0.9999999831588765,
      "best_params": {
        "passivity_tolerance": 0.001,
        "covariance_tolerance": 0.001
      }
    },
    "1.0": {
      "final_fidelity": 1.000001188947764,
      "improvement": 1.000001188947764,
      "best_params": {
        "passivity_tolerance": 0.001,
        "covariance_tolerance": 0.001
      }
    },
    "5.0": {
      "final_fidelity": 1.0000002508045605,
      "improvement": 1.0000002508045605,
      "best_params": {
        "passivity_tolerance": 0.001,
        "covariance_tolerance": 0.001
      }
    }
  }
}