{
  "timestamp": "2025-11-21T12:11:16.950061",
  "config_name": "ground_state_gamma_sweep_no_constraints",
  "gamma_results": {
    "0.0": {
      "final_fidelity": 0.9999999306685065,
      "improvement": 0.9999999306685065,
      "best_params": {
        "passivity_tolerance": 0.001,
        "covariance_tolerance": 0.001
      }
    },
    "0.01": {
      "final_fidelity": 1.0000000052199811,
      "improvement": 1.0000000052199811,
      "best_params": {
        "passivity_tolerance": 0.001,
        "covariance_tolerance": 0.001
      }
    },
    "0.1": {
      "final_fidelity": 1.0000000302259,
      "improvement": 1.0000000302259,
      "best_params": {
        "passivity_tolerance": 0.001,
        "covariance_tolerance": 0.001
      }
    },
    "0.5": {
      "final_fidelity": 0.999999985990123,
      "improvement": 0.999999985990123,
      "best_params": {
        "passivity_tolerance": 0.001,
        "covariance_tolerance": 0.001
      }
    },
    "1.0": {
      "final_fidelity": 1.0000011850195747,
      "improvement": 1.0000011850195747,
      "best_params": {
        "passivity_tolerance": 0.001,
        "covariance_tolerance": 0.001
      }
    },
    "5.0": {
      "final_fidelity": 1.0000002494568152,
      "improvement": 1.0000002494568152,
      "best_params": {
        "passivity_tolerance": 0.001,
        "covariance_tolerance": 0.001
      }
    }
  }
}