{
  "timestamp": "2025-11-17T19:49:23.915351",
  "config_name": "strong_X_ground_gamma_sweep",
  "gamma_results": {
    "0.0": {
      "final_fidelity": 1.0001459190323125,
      "improvement": 1.0001459120003222,
      "best_params": {
        "passivity_tolerance": 0.1,
        "covariance_tolerance": 0.0001
      }
    },
    "0.01": {
      "final_fidelity": 1.0002203729612604,
      "improvement": 1.00022036592927,
      "best_params": {
        "passivity_tolerance": 0.1,
        "covariance_tolerance": 0.00039810717055349735
      }
    },
    "0.1": {
      "final_fidelity": 1.0002889977066347,
      "improvement": 1.0002889906746444,
      "best_params": {
        "passivity_tolerance": 0.1,
        "covariance_tolerance": 0.00039810717055349735
      }
    },
    "0.5": {
      "final_fidelity": 1.0000952123866245,
      "improvement": 1.0000952053546341,
      "best_params": {
        "passivity_tolerance": 0.1,
        "covariance_tolerance": 0.0001
      }
    },
    "1.0": {
      "final_fidelity": 1.0000404058044146,
      "improvement": 1.0000403987724242,
      "best_params": {
        "passivity_tolerance": 0.1,
        "covariance_tolerance": 0.0001
      }
    },
    "5.0": {
      "final_fidelity": 1.0000011814742076,
      "improvement": 1.0000011744422173,
      "best_params": {
        "passivity_tolerance": 0.1,
        "covariance_tolerance": 0.1
      }
    }
  }
}